1,contentex,"[키워드1, 키워드2, 키워드3, 키워드4, 키워드5]"
2,contentex,"[키워드1, 키워드2, 키워드3, 키워드4, 키워드6]"
3,contentex,"[키워드1, 키워드2, 키워드3, 키워드4, 키워드7]"
4,contentex,"[키워드1, 키워드2, 키워드3, 키워드4, 키워드8]"
5,contentex,"[키워드1, 키워드2, 키워드3, 키워드4, 키워드9]"
6,contentex,"[키워드1, 키워드2, 키워드3, 키워드4, 키워드10]"
7,contentex,"[키워드1, 키워드2, 키워드3, 키워드4, 키워드11]"
8,contentex,"[키워드1, 키워드2, 키워드3, 키워드4, 키워드12]"
9,contentex,"[키워드1, 키워드2, 키워드3, 키워드4, 키워드13]"
10,contentex,"[키워드1, 키워드2, 키워드3, 키워드4, 키워드14]"
11,contentex,"[키워드1, 키워드2, 키워드3, 키워드4, 키워드15]"
12,contentex,"[키워드1, 키워드2, 키워드3, 키워드4, 키워드16]"
13,contentex,"[키워드1, 키워드2, 키워드3, 키워드4, 키워드17]"
14,contentex,"[키워드1, 키워드2, 키워드3, 키워드4, 키워드18]"
15,contentex,"[키워드1, 키워드2, 키워드3, 키워드4, 키워드19]"
16,contentex,"[키워드1, 키워드2, 키워드3, 키워드4, 키워드20]"
17,contentex,"[키워드1, 키워드2, 키워드3, 키워드4, 키워드21]"
