,title,url,raw_contents,summary,keywords,locate,score
0,서울여행 세번째로 서울숲으로ㅎ 완전짱!,https://blog.naver.com/PostView.nhn?blogId=saver56angel&logNo=221582173732&from=search&redirect=Log&widgetTypeCall=true&directAccess=false,"



안녕하세요 해달이입니다ㅎ오늘은 출근하려는데 비가 내리네요오늘 하루종일 비가 내린다는 소식이 있습니다그래서 출근하기 전에 집에 창문은모조리 닫고 출근을 했네요ㅎ자 드디어 세번째로 갔던 장소를또 공개를 하겠습니다ㅎ아직 여행은 끝나지 않았어요지금 보시는게 하루만에 끝난 투어에요정말 운이 좋은건 차량으로 이동할때길이 하나도 막히지 않았다는 겁니다오히려 저한테 이렇게 길이 안막히는게신기하다고 하더라구요 전 당연히 안막히는줄 알고 하하그럼 오늘의 포스팅도 한번 써보겠습니다서울여행 세번째로 서울숲으로ㅎ 완전짱


 




 

 


굴뚝같은 길은 지나서 쭈욱 오면바로 서울숲으로 들어가는 길이 나온답니다ㅎ이렇게 길이 연결되어있는것도 정말신기했답니다ㅎ


 




 

 


열심히 걸어가는 두사람입니다아무리봐도 덩치가 한덩치 하답니다뒤에서 저는 열심히 사진을 찍기 바빴어요ㅎ그리고 엄청나게 사진을 찍을거에요많은 사진들이 나올겁니다


 




 

 


이날은 벚꽃이 만개한 날이었어요정말로 많이 피었더라구요사람들도 정말 많이 왔어요ㅎ날씨도 너무 좋아서 산책하는 느낌도 났습니다


 




 

 


남자 3명이서 이렇게 왔습니다ㅎ저는 또 옷이 바꼈어요날이 추워서 바로 옷을 입었습니다추우면 옷을 입고 더우면 옷을 벗으면 되니깐좋았어요ㅎ옷을 벗고 있으면 바로 시원해지고 입으면바로 따뜻해지니깐 이만큼 좋더라구요


 





 

 


 


여기가 또 포토존이라고 합니다사진이 정말 잘나오는 자리에요ㅎ멀리서 찍으면 더 잘나와요꼭 한번 가서 찍어보세요ㅎ정말 잘나오는 자리에요 히히서울여행 세번째로 서울숲으로ㅎ 완전짱


 




 

 


밑에서 위로 찍은 사진입니다ㅎ너무나도 잘나왔어요시원시원하게 바람부는것도 정말 좋았고공기도 상쾌한것도 정말 좋았습니다너무나도 좋아서 힐링이 제대로 되었습니다이렇게 큰 공원이 있다는게 너무나도 부러웠어요ㅎ


 





 

 


 


위에 찍다가 카메라가 돌아가서찍혀버렸는데 의외로 잘나와서함 올려봤습니다ㅎ위에 풍경을 찍다가 얼굴이 찍혀서 깜짝 놀랐거든요역시 전면카메라가 화질이 안좋아서 제가 잘나왔네요ㅎ카메라는 역시 화질이 안좋아야 좋네요 히히


 




 

 


그대로 쭈욱 길을 따라서 갔더니호수가 나옵니다 여기에는 잉어가 굉장히 많아요대박 허벅지만한 잉어가 한무리


 




 

 


내 집앞가까운 곳에 이렇게 있는 곳이면맨날 갈수 있을거 같은데 그게 또 아닐까요이런곳에 살아야 하는데제가 사는곳에서 이런곳을 찾아야겠습니다


 




 

 


대형호수 같아요 정말기똥차게 잘 지었습니다국내여행을 온게 아니라 해외여행을온것만 같은 그런기분이에요


 




 

 


신기한걸 보여준다고 하더니저렇게 시범을 보여주고 있었습니다신기한게 어떤건지 정말 궁금하지 않나요저두 이거보고 깜짝 놀랬어요ㅎ


 





 

 


 


이렇게 먹이주는척만 해도 물고기들이몰려와요ㅎ손으로만 봐도 물고기들이 먹이를 주는가보다하고 막 몰려옵니다 정말 신기하죠그래서 영상으로 준비를 했습니다ㅎ서울여행 세번째로 서울숲으로ㅎ 완전짱


 







 


분명먹이를 주는게 아니에요그냥 손짓만 하고 있는데 잉어들이 막 몰려옵니다잉어를 조절하고 싶은신 분은 이렇게여기에와서 해보세요ㅎ조련사가 될수있습니다 하하


 




 

 


또 다른 목적지로 향했습니다ㅎ친구녀석은 이제 슬슬 피곤하나 봅니다그도 그럴것이 전날에 술먹느라고 거의 날새고출근하고 이렇게 저한테 끌려왔거든요ㅎ전 푸욱 자고 이렇게 또 움직이고 있던거에요


 




 

 


여기는 들판 정원같은 곳이었는데사람들이 애완동물들을 굉장히 많이 데리고산책을 하더라구요 같이 뛰어놀고 장난도 치고 그러는데울집 냥이를 데리고 오고 싶었지만분명히 도망갈애들이기 때문에 상상만 했습니다ㅎ


 




 

 


피크닉을 온 커플도 있었어요돗자리를 펴고 다들 도시락을 먹고아니면 오손도손이야기를 하더라구요저흰 이야기 없이 그냥 묵묵히 지나갔습니다별다른 이야기 거리가 없었어요ㅎ


 




 

 


짠 개인적으로 이 사진이 가장 잘나온거 같습니다인생샷을 하나 건졌는데제 사진은 없네요 저만 사진을 찍고 있으니서울여행 세번째로 서울숲으로ㅎ 완전짱


 




 

 


시크하게 걸어가시는 저 두분만 찍혔어요그리고 카톡으로 인생샷은 전달해 드렸습니다혹시나 사진기사가 필요하시면 말씀하세요찍어드리겠습니다ㅎ그리고 전송해드리게습니다 히히


 




 

 


쭈욱 걸어가다보니 편의점과 화장실이나오더라구요 거기서 잠시 쉬는시간을 가졌습니다ㅎ


 




 

 


벽에도 이쁘게 그림을 그려넣었더라구요이 벽뒤에가 화장실이에요정말 깨끗한 화장실ㅎ


 




 

 


정말 넓은 서울숲이었습니다너무나도 웅장하더라구요이런곳이 많이 조성되었으면 좋겠다는 생각을했습니다 도심은 너무 덥자나요이렇게 세번째 장소도 끝났습니다ㅎ그리고 다음 장소로 이동을 하였죠저녁에 될때까지 9시쯤 숙소로 돌아온거같았어요ㅎ아주 알찬 시간을 보냈답니다ㅎ


 







서울숲
서울특별시 성동구 뚝섬로 273

 


 


자 오늘은 종일 비가 내린다고 하네요ㅎ딱 막걸리가 생각나는 날이에요저녁에 막걸리를 한잔 해야겠습니다오늘 하루도 즐겁게 보내시구요이상 해달이었습니다서울여행 세번째로 서울숲으로ㅎ 완전짱


 ",,"['안녕', '해달', 'ㅎ', '오늘', '출근', '데', '비가', '하루', '하루종일', '종일', '소식', '전', '집', '창문', '번째', '장소', '공개', '여행', '투어', '운', '건', '차량', '이동', '때', '때길이', '길이', '하나', '저', '신기', '신기하다', '하다', '줄', '포스팅', '한번', '서울', '서울여행', '서울숲', '숲', '완전', '완전짱', '짱', '굴뚝', '길', '답', '연결', '사람', '덩치', '뒤', '사진', '거', '이', '벚꽃', '만개', '날', '날씨', '산책', '느낌', '남자', '3', '3명', '명', '옷', 'ㅎ옷', '여기', '포토', '포토존', '존', '자리', '보세', '밑', '위로', '바람', '공기', '힐링', '공원', '위', '카메라', '함', 'ㅎ위', '풍경', '얼굴', '전면', '전면카메라', '화질', 'ㅎ카메라', '호수', '잉어', '요대', '요대박', '박', '허벅지', '무리', '내', '집앞', '앞', '곳', '수', '찾아야겠습니', '대형', '대형호수', '국', '국내여행', '내', '해외여행', '기분', '시범', '이거', '먹이', '척', '물고기', '와요', 'ㅎ손', '손', '가보', '영상', '준비', 'ㅎ서울여행', '손짓', '조절', '신', '분', 'ㅎ조련사', '조련사', '목적지', 'ㅎ친구', '친구', '녀석', '피곤', '피곤하나', '도', '전날', '술', 'ㅎ전', '들판', '정원', '애완', '애완동물', '동물', '장난', '냥', '애', '때문', '상상', '피크닉', '커플', '돗자리', '다', '도시락', '오손', '손이야기', '이야기', '거리', '개인적', '인생', '인생샷', '샷', '시크', '가시', '분', '카톡으', '사진기사', '기사', '필요', '전송', '편의점', '화장실', '거기', '시간', '벽', '그림', '구', '벽뒤', '화장실ㅎ', '조성', '생각', '도심', '나', '다음', '저녁', '9', '9시쯤', '시', '쯤', '숙소', '서울특별', '서울특별시', '시', '성동', '성동구', '구', '섬', '273', '자', '막걸리', '한잔', '해야', '이상']",,
1,서울 여행 북악스카이웨이 팔각정 드라이브 코스 돌고 왔어요,https://blog.naver.com/PostView.nhn?blogId=jeju8253&logNo=221562356853&from=search&redirect=Log&widgetTypeCall=true&directAccess=false,"





 

 


오늘 이른 새벽 6시 25분 버스를 타서 서울로 올라오기 위해 밤을 새우기도 했고 심지어 며칠 내내 잠을 제대로 못 자저를 보는 사람들마다 다들 피곤해 보인다는 얘기를 하는 요즘 하루하루 정말 힘들기도 하고 너무 졸리지만가족들과 시간을 보내기 위해 참고 견디고 있는 중이랍니다 그리고 방금 전에는 서울 드라이브코스 라고 잘 알려진북악스카이웨이 팔각정 다녀왔는데요 TV에서도 봤던 곳이라 기대를 크게 하고 갔는데 결론만 얘기하지만 기대 이하였다는 사실볼거리가 좀 많을 줄 알았고 경치가 뛰어날 거라 생각했는데 일단 야경도 부족하고 그 위에서 즐길 것도 부족했답니다그렇기 때문에 여러분들에게 강력하게 추천해준다는 얘기는 할 수 없겠지만 그래도 관심 있는 분들도 계실 것 같아서어떤 곳이었는지 한 번 보여드리도록 하겠습니다


 




 

 


그나저나 서울 드라이브 하기 좋은 곳은 어디가 있나요 중간중간 차를 좀 세워둘 수 있는 곳으로 가고 싶은데서울 안에는 없을 것 같고 근교 중에 있을 것 같은데 제가 서울 사람이 아니라 그런지 마땅히 생각나지가 않더라고요특히 가을도 봄도 아닌 이맘때 어딜 가야 좋을지 예쁜 길이 어디에 있을지 전혀 알 수 없어서 내일 일정도 고민 중에 있습니다


 




 

 


최근에 모 연예 프로그램에서 데이트하러 갔던 곳이 바로 이곳 북악스카이웨이 팔각정이었다는 사실을 오늘이야 알게 되었는데사실 이 정도 풍경이라든가 이 정도 쉴 수 있는 곳은 제주도에서 정말 흔한 거 아니야라는 생각도 들었답니다역시 내 고향이 가장 아름답구나 이런 마음이 들 수밖에 없는 상황이었죠솔직히 그런 마음이 들었다는 것은 기대 이하의 풍경과 즐길 거리에 살짝 실망한 것이 있었기 때문이랍니다


 




 

 


오후 6시에서 7시 사이도 퇴근시간인 거 맞죠 저는 퇴근시간에 출발하다 보니 40분 이상 걸려서 도착했는데멀리 사는 사람들이 일부러 찾아갈만한 서울 드라이브 코스는 애매하겠다 싶었네요이 근처 살면 금방 오겠지만 멀리 살면 차라리 그 주변 외각으로 빠지는 것이 좋을지도


 




 

 


대부분 딱 가족 연인 단위로 찾아왔더라고요 자녀들과 함께 잠시 나온 사람들도 있었고애인과 함께 조용한 곳에서 산책하며 데이트하기 위해 올라온 분들도 있었습니다저는 엄마와 동생 이렇게 셋이 함께 올라갔는데 길이 구불구불 겨울에는 이 동내 사람들은 어떻게 움직일까 싶을 정도의 급경사였습니다


 




 

 


북악스카이웨이 팔각정의 위치가 서울 안에 있다고 해도 내부의 모습은 정말 오래된 스타일로 꾸며져 있더라고요1층은 오락실처럼 되어 있는데 이미 문이 닫혀 있고 2층은 레스토랑으로 운영되며옆으로 카페나 이마트 편의점이 있는데 저는 지금 내려와 다른 동내 스타벅스를 찾아와 있습니다여기도 11시에 끝나는데 이제 막 도착해서 얼마 못 있다 나가야겠군요요즘 커피를 너무 많이 마셔서 딸기요거트 두 개 주문해서 시원한 저녁을 보내고 들어가 푹 자고 내일은 가평 수상 레저 즐기러 가야겠어요


 




 

 


찾아가는 길이 복잡하고 어지럽고 많은 차들 때문에 스트레스가 되던데 이 위에 올라가 있으니 정말 고요하긴 하더라고요저처럼 서울 여행 하기 위해 방문하는 것 같은 사람들은 없는 것 같았고 대부분 서울 사람처럼 보였답니다저는 서울에 살라고 해도 너무 복잡하고 차도 많이 막혀서 살기 힘들 것 같기도 한데그만큼 혜택이 많아서 또 그런 매력에 빠지다 보면 다시 지방으로 돌아가고 싶지 않아 할까요


 




 

 


엄마와 동생이 뒤에 펼쳐지는 배경으로 사진을 남기고 싶어 하는 것 같아서 찰칵 한 장 남겨줍니다불빛이 아주 화려하지도 않고 가로등 색감이 예쁜 것도 아니었지만 그래도 이렇게 추억을 남길 수 있다는 것만으로도사진의 가치는 상당히 크다고 할 수 있겠습니다 2019년 6월 14일의 추억을 사진이 아니면 어떻게 기억하겠어요그런 날이 있었지 가물가물하거나 완전히 지워져 버릴지도 모르는 추억을 정확하게 남기게 되는 것이니까요


 




 

 


팔각정 주변으로 가볍게 산책할 수 있도록 길이 만들어져 있는데요낮에 오는 게 더 좋을지 아니면 이렇게 밤에 올라와서 야경 보고 내려가면서 주변에서 식사하는 게 좋을지자주 찾아오시는 분들은 그 사람들만의 방문 이유가 있겠죠 아마 자전거를 타는 분들이 자주 이 산을 오를 것 같은데요차를 타고 내려오는데 어떤 두 사람이 자전거를 타고 이 주변을 오르고 있었답니다도대체 어떻게 이 높은 곳을 자전거로 올라올 수 있는지 열정이 정말 대단하다면서 내려왔습니다


 




 

 


정말 조용했고 좀 더 선선한 기온에 싸늘하게 느껴지기도 했던 북악스카이웨이서울 사람들에게는 어떤 곳으로 알려져 있을까요 서울 드라이브코스 혹은 데이트코스로 유명한 곳인가요위에서 얘기하던 예능에서는 남자분과 여자분을 연인이고 서로 정말 잘 맞다 리얼이라는 식으로 유도하려고 하는데1층 손금 보는 기계가 이미 다 열려 있었고 사실 장면 장면마다 급하게 자리를 이동하거나 뜻밖의 상황이 발생하는 것처럼 만드는데이미 식당 카페 등의 모든 곳에서 카메라맨이 먼저 가 있다던가 카메라 세팅까지 완벽하게 되어 있는 것들을 보면완벽한 리얼 프로그램은 아니구나라는 것이라는 것을 생각해보기도 했답니다하긴 방송 중에 정말 진실된 리얼 프로그램은 거의 없다고 해도 되겠죠


 





 

 


 


처음에는 실망하고 오늘의 서울 여행 여기서 마무리하고 돌아갈까라는 생각을 하다가그래도 팔각정 위를 올라가 볼까라는 생각으로 올라갔는데 반대편 뷰가 훨씬 예쁘고 좋더라고요다만 밑으로 전봇대와 전깃줄이 풍경을 망치고 있는 모습이라 역시나 아쉬움엄마는 남산타워 가보고 싶다던데 토요일 일정을 가평 들리고 돌아와 바로 남산타워 들러야 할지 아니면 일요일에 들러봐야 할지어떤 일정이 알맞을지 모르겠습니다 화요일 이른 아침 베트남으로 출국하기 때문에 월요일까지 서울에서 시간을 보낼 텐데무엇을 하고 싶은지 정해놓지 않고 있어서 살짝 큰일이긴 합니다


 




 

 


저 멀리 남산타워와 롯데타워의 위치는 확실하게 알아볼 수 있겠네요하루를 알차게 보내야지라는 생각에 정말 피곤해도 춘천까지 올라가 보려고 했는데 그러지도 못했습니다할 일은 줄어들지 않고 왜 자꾸 늘어나기만 하는지 말이에요


 




 

 


요즘 저희 엄마도 추억을 기록하는 사진을 소중히 생각하셔서 제가 찍어준다고 하기도 전에먼저 사진 좀 찍어달라고 얘기하시곤 하신답니다하긴 언제 또 이렇게 서울 드라이브코스 찾아와서 함께 시간을 보내고  추억을 남기겠어요이곳 자체가 내가 생각하는 모습이 아니었다고 하더라도 이 순간을 함께 보낼 수 있는 소중한 가족이 있다는 것만으로도오늘 하루는 더없이 완벽한 하루를 보냈다고 얘기할 수 있을 것 같습니다


 




 

 


저는 원래 피곤해서 오늘은 정말 사진을 찍고 싶지 않았는데 동생이 자꾸 사진 찍어주겠다고 해서 이런 사진을 남겨봤습니다이제 2시간 지났나 그런데도 사진 남기길 잘했다 싶어지네요


 




 

 


엄마와도 함께 사진 찰칵 어제까지만 해도 6샷 이상의 커피를 마시다가 오늘은 12샷 정도만 마셔서 그런지아니면 요즘 너무 못 자고 최악의 피로가 쌓여 있어서 그런지 자꾸 누군가 내 눈꺼풀을 잡아당기는 듯한 피로가 생깁니다뒤로 배경이 멋져 보이기는 하는데 뭔가 좀 부족해 보이는 것은 저만 그런가요


 





 

 


 


1층과 2층의 경치 차이는 확연히 다릅니다 한 층 올라왔을 뿐인데도 아래서 봤던 것보다는 훨씬 괜찮네요저희 엄마도 이런 풍경 예쁜 곳을 좋아하시는 것 같은데 조만간 뷰가 좋은 해외로 여행을 함께 가지고 해야겠어요일단 다음 주 시작될 9박 10일간의 베트남 여행 먼저 안전하고 즐겁게 추억을 만들고 돌아와야겠지만요


 




 

 


엄마도 어제 제주도에서 올라오시느라 잠 못 자고 오셨다 하시고 저희도 오늘 서울로 올라오느라 밤새워서 왔기 때문에다들 피곤해 하면서도 맛있는 음식도 먹고 서로 많은 이야기를 나누며 해외로 나갈 준비를 해서 그런지하루가 힘들기만 하지는 않았던 것 같고 오히려 스스로 피로 푸는 것을 미루고 싶을 정도로이 순간순간의 시간을 더 즐겁게 보내고 싶다는 생각을 하며 하루를 보냈습니다


 




 

 


여행을 정말 좋아하지만 제대로 즐기기 위해서는 제대로 된 휴식도 필요하다고 생각하기에내일은 1011시 사이까지 푹 자고 일어나서 천천히 움직여 보도록 해야겠네요가평에서 물놀이하고 나면 정말 피곤할 텐데 모닝커피는 필수가 될지도


 





 

 


 


그렇게 서울 여행 마무리하며 북악스카이웨이에서 돌아오는 길에 정자 안에 쓰레기가 가득 보이길래 깜짝 놀라 사진에 담았는데요누군가 이곳에서 행복한 시간을 보내고 추억을 만들어 간다는 일은 당연히 즐겨야 할 것이라 얘기해주고 싶지만자신들이 즐겼던 쓰레기 가지고 돌아가던지 최소한 쓰레기통 옆으로 갖다 놓기는 했어야 하는 게 아니냐고 얘기해주고 싶습니다누가 그랬는지 좀 심했다는 생각이 들었을 정도로 확실히 아직도 우리나라는 선진국이라 얘기기에는아직도 가야 할 길이 많이 남아 있나 봅니다 다들 올여름 국내 여기저기 휴가를 떠날 텐데모든 것을 완벽히 지키고 살아갈 수는 없어도 너무 과하게 선을 벗어나지 않았으면 좋겠습니다


 







북악스카이웨이
서울특별시 종로구 평창동 산694

 


 


​


 ",,"['오늘', '새벽', '6', '6시', '시', '25', '25분', '분', '버스', '서울', '밤', '며칠', '잠', '자저', '사람', '다', '얘기', '요즘', '하루하루', '가족', '시간', '중이', '전', '드라이브', '드라이브코스', '코스', '라', '진북', '진북악스카이웨이', '악', '스카이', '웨이', '팔각정', '곳', '기대', '결론', '이하', '사실', '사실볼거리', '볼거리', '줄', '경치', '거', '생각', '야경', '부족', '위', '때문', '여러분', '추천', '수', '관심', '분', '번', '어디', '중간', '중간중간', '차', '안', '근교', '중', '제가', '가을', '봄', '이맘때', '가야', '길', '내일', '일정', '고민', '최근', '모', '연예', '프로그램', '데이트', '이곳', '북', '북악스카이웨이', '정도', '풍경', '제주', '제주도', '도', '니야', '내', '고향', '마음', '상황', '거리', '실망', '오후', '7', '7시', '사이', '퇴근', '퇴근시간', '저', '출발', '40', '40분', '이상', '도착', '근처', '주변', '외각', '대부분', '연인', '단위', '자녀', '애인', '산책', '엄마', '동생', '셋', '길이', '겨울', '동내', '급경사', '악스카이웨이', '위치', '내부', '모습', '스타일', '1', '1층', '층', '오락실', '문', '2', '2층', '레스토랑', '운영', '옆', '카페', '마트', '편의점', '스타벅스', '여기', '11', '11시', '얼마', '커피', '딸기', '딸기요거트', '요거트', '개', '주문', '저녁', '푹', '가평', '수상', '레저', '복잡', '스트레스', '있으니', '고요', '여행', '방문', '차도', '혜택', '매력', '지방', '뒤', '배경', '사진', '장', '불', '불빛', '빛', '화려', '가로등', '색감', '추억', '가치', '2019', '2019년', '년', '6월', '월', '14', '14일', '일', '기억', '날', '물가', '물가물', '물', '정확', '낮', '식사', '만', '이유', '자전거', '산', '이', '열정', '하다', '기온', '데이트코스', '유명', '예능', '남자', '남자분과', '분과', '여자', '여자분', '리얼', '식', '유도', '손금', '기계', '장면', '자리', '이동', '뜻밖', '발생', '식당', '등', '카메라', '카메라맨', '맨', '세팅', '완벽', '나', '방송', '진실', '처음', '마무리', '볼까라는', '반대편', '뷰', '밑', '전봇대', '전깃줄', '역시나', '아쉬움', '아쉬움엄마', '남산', '남산타워', '타워', '가보', '데', '토요일', '일요일', '화요일', '아침', '베트남', '출국', '월요일', '터', '무엇', '큰일', '롯데', '롯데타워', '하루', '피곤', '춘천', '보려고', '일', '말', '저희', '기록', '자체', '내가', '순간', '원래', '2시간', '남기', '남기길', '지네', '어제', '6샷', '샷', '12', '12샷', '최악', '피로', '누군가', '눈꺼풀', '가요', '차이', '뿐', '아래', '해외', '해야', '다음', '주', '시작', '9', '9박', '박', '10', '10일간의', '간의', '안전', '돌아와야겠지만', '다들', '하면서', '음식', '이야기', '준비', '하지', '순간순간', '휴식', '필요', '필요하다', '1011', '1011시', '해야겠네요가평', '물놀이', '모닝', '모닝커피', '필수', '북악스카이웨이에', '스카이웨이에', '정자', '쓰레기', '행복', '자신', '최소한', '쓰레기통', '통', '야', '싶습니다누', '우리', '우리나라', '나라', '선진국', '얘기기', '기', '여름', '국내', '여기저기', '휴가', '선', '서울특별', '서울특별시', '시', '종로', '종로구', '구', '평창', '평창동', '동', '산694', '694']",,
2,서울여행 남산타워,https://blog.naver.com/PostView.nhn?blogId=jety07&logNo=221612921204&from=search&redirect=Log&widgetTypeCall=true&directAccess=false,"



서울여행 오늘의 마지막코스 남산타워 서울N타워라고 부르는거같다 외국인친구 랑 가볼만한곳에서 봤는데정말로 주말은 외국인 손님들 천국☆ 미안하지만 나도 처음이야 ㅠㅠㅠㅠ 올라가는길에 한컷 한7년전에 밑에까지 버스타고 가서 타워는 안올라갔었는데  애초에는 롯데타워쪽을 계획했다가 앞에 구슬모아당구장 전시를 보러 갔기 때문에 동선이 안맞아서 포기 ㅠㅠㅠㅠ 아쉽​한남동에서 명동성당 버스 정류장에서 내린김에 지나감 밝을때 본 명동성당 관광객이 많다 가까이에는 처음 가봄 ㅋㅋㅋ 저멀리 보이는 남산타워  이날 덥고 습하고 구름도 많고 소나기 온다고했다가 안와서 다행인날 


 




 

 







남산서울타워
서울특별시 용산구 용산동2가 산111

 

남산케이블카
서울특별시 중구 회현동1가 산119

 


 




 

 


올라가는길은 그전에 방문한게 명동이여서 버스타자니 뱅뱅돌아가는 길이고 걸어서 케이블카 정류장까지 가다가 급더위와 산을 한 15정도는 탄거 같아 완전 언덕 골목길로 올라가는데 나도모르게 지쳤나보다 ㅋㅋㅋ내려올때는 택시라도 타고와야겠다 생각함   남산케이블카 타고 감 편도랑 왕복 비용이 많이 차이가 안나니 많이 이용하시는데 우리는 내려올때는 버스탈거라서 편도로구매 왕복이 9500원 이구 편도가 7500원으로 기억 드디어 언덕 등반끝 표사러가는길 밤이 조명때문에 좀 더 예쁘다  하지만 여기서는 긴 기다림의 시작이라는것을 몰랐지 입구에서 조명빨 받은 남산타워 초점 이탈 ㅋㅋㅋ 근데 뭐 ㅋㅋ 그냥 시원한 느낌 나니까 ㅋㅋㅋㅋ 도쿄타워 밑에도 길에 이렇게 해놨던거 생각난다 


 





 

 


 


케이블카 내려서 타워올라가는길에 데크가 있어서 일단 아래 한번 봐주고 케이블카는 여수나 홍콩 같은데 있는 4인 케이블카 아니였고 한번에 한 20명씩 왕창 타는 거였다 완전 남는장사네 ㅋㅋㅋㅋ한명에 5천원만 받으세여가기 전주에 사고났었어서 운행 안할줄알았는데 안에 선풍기 그런건 없어서 엄청 더웠고 쉬지않고 손님 태우고있었다 낮에탄다면 그래도 아래에 푸르른 나무잎들도 구경하고 그랬을꺼야 ㅋㅋㅋ 사실 구경할만큼 탑승시간이 길지도 않다  내려올때 버스 타고 내려왔는데 그게 더 운치 있는거 같았다 다음에는 올라가게되면 버스타고 가야지 ㅋㅋㅋㅋ 가파르고 약간 구불구불하지만 버스 기사님 베스트 드라이버 ㅋㅋ ​​타워 데크쪽엔 그유명한 자물쇠들 걸려있는공간이 있구   자물쇠 자판기도 있더라 ㅋㅋㅋ신기방기 ㅋㅋㅋㅋ 의외로 외국인분들도 많이 자물쇠 뽑고 계셔서 의외였다 폰카로 찍어도 날씨가 좋아서 그런지 멋있었다 


 





 

 


 


안에들어가서 타워 위에 올라가는 표를 샀는데 사면서부터 이미 30분정도 대기라고 해서 그래 금방 가겠지 해서 올라가기로 했는데  진짜 밑에서 대기하는사람도 어마어마하다 둘이서 기다리면서 음 그래 여긴 한번이면 족해  그러니까 기다릴 수 있는거야중얼중얼 ㅋㅋㅋㅋㅋ 그리고 누군가 간다고 하면 주말에 가라고 절대 하지말자 ㅋㅋㅋㅋㅋ 아까 케이블카 탄다고 계단 기다리면서 올라온게 한 15분 인데  ​어어엄청 기다림의 시간을 보내고 난뒤 드디어 번호가 되어서 들어갔는데 들어가서 이렇게 우리의 눈을 현혹시키는 ㅋㅋㅋㅋ 영상들을 쏴준다 ㅋㅋㅋ 진짜 미니어처로 자동차가 지나가는거처럼 보이고 ㅋㅋㅋ 이다음부터 또 기다림의 시작 ㅋㅋㅋㅋ 아마 23대정도 엘리베이터 지나가곤했다 


 





 

 


 


​올라가서 본 야경은 예쁘다 다른나라에가서 타워 올라가봤는데 우리나라에서도 올라오면 또 이렇게 보이는구나 컴컴하니 아무것도 안보이는곳은 뭐지 ㅋㅋㅋ 남산 창작센터 우리나라도 높은 건물들도 많고 밤되니 바쁜 도시의 모습이 그대로 뭍어나와서 멋있다고 생각했다 그러면서도 옛날 스타일의 건물들도 많이 남겨두었으면 좋겠다는 생각도 함 


 




 

 





 

 


 


 


 





 



다소 쓸데없는 기념품 ㅋㅋㅋ기념주화 뽑기랑 이렇게 돈넣고 프레스 해서 기념주화만들기 가 있었다  시안갔을때도 진짜 쓸데없는데 ㅋㅋㅋㅋ했던거 생각나서 나란히 한개씩 하기로했다 2천원이었는데 그냥 생각보다 이쁘다고 ㅋㅋㅋ 엽서나 마그네틱도 기웃거려봤지만 그냥 내려놓았다 예쁜 굿즈 많이 개발해주세욤



 


​이렇게 서울여행 끝 집에돌아오니 12시훠우 ㅋㅋ 힘들다 ㅋㅋㅋㅋㅋ 


 ",,"['서울', '서울여행', '여행', '오늘', '마지막', '마지막코스', '코스', '남산', '남산타워', '타워', '거', '외국인', '외국인친구', '친구', '곳', '주말', '손님', '천국', '미안', '나도', '처음', '길', '컷', '7', '7년전', '년', '전', '밑', '버스', '애초', '롯데', '롯데타워쪽', '쪽', '계획', '앞', '구슬', '구슬모아당구장', '모아', '당구장', '전시', '때문', '동선', '포기', '아', '한남', '한남동', '동', '명동', '명동성당', '성당', '정류장', '김', '때', '본', '관광객', '가까이', '봄', '이날', '습', '구름', '소나기', '다행', '날', '남산서울타워', '서울특별', '서울특별시', '시', '용산', '용산구', '구', '용산동', '용산동2', '2', '산', '산111', '111', '남산케이블카', '케이블', '케이블카', '카', '중구', '회현', '회현동', '회현동1', '1', '산119', '119', '그전', '방문', '여', '버스타자', '타자', '급', '급더위', '더위', '15', '15정도', '정도', '완전', '언덕', '골목길', '나', '택시', '타고', '타고와야', '와야', '생각', '감', '편도', '왕복', '비용', '차이', '이용', '우리', '버스탈거', '탈거', '구매', '9500', '9500원', '원', '이구', '7500', '7500원', '기억', '등반', '등반끝', '끝', '표', '밤', '조명', '조명때문', '여기', '기', '기다림', '다림', '시작', '입구', '초점', '이탈', '뭐', '느낌', '도쿄', '도쿄타워', '데크', '아래', '여수', '홍', '홍콩', '콩', '4', '4인', '인', '한번', '20', '20명', '명', '장사', '한명', '5', '5천원', '천', '여', '여가기', '가기', '전주', '운행', '안', '줄', '선풍기', '건', '낮', '나무잎', '구경', '사실', '만큼', '탑승', '탑승시간', '시간', '길지', '운치', '다음', '기사', '기사님', '님', '베스트', '드라이버', '데크쪽', '유명', '자물쇠', '공간', '자판기', '신기', '신기방기', '방기', '외국인분', '분', '의외', '폰', '폰카', '날씨', '위', '사면', '30', '30분정도', '분', '대기', '진짜', '사람', '둘', '번', '수', '누군가', '말자', '아까', '계단', '15분', '뒤', '번호', '눈', '현혹', '영상', '미니어처', '자동차', '이다음', '23', '23대정도', '대', '엘리베이터', '야경', '나라', '우리', '우리나라', '컴', '컴컴', '아무것', '무엇', '창작', '창작센터', '센터', '건물', '도시', '모습', '뭍', '옛날', '스타일', '함', '기념품', '기념', '기념주화', '주화', '돈', '프레스', '기념주화만들기', '만들기', '시안', '개', '2천원', '엽서', '마그네틱', '굿', '굿즈', '즈', '개발', '주세욤', '집', '12', '12시훠우', '시', '훠', '우']",,
3,[여자 셋 서울 여행] 아시아 호텔 아트페어 2019 - 호텔에서 열리는 이색 전시 관람기,https://blog.naver.com/PostView.nhn?blogId=ddawndew&logNo=221617848934&from=search&redirect=Log&widgetTypeCall=true&directAccess=false,"





 

 


아 드디어 여름방학이 끝났습니다 ㅠㅠ 너무나도 짧게 끝나버린 여름방학이라 아쉬움이 큽니다만 지난 주말을 이용해 여자 셋이서 서울 여행이 이번 여름방학의 가장 큰 추억이지 않나 생각됩니다 8월 10일 여자 셋만 기차를 타고 서울여행을 갔습니다 작은 녀석이 그때 꼭 가야 할 행사가 있어서 참석하기 위해서 동행하기로 한 것이 여자들만의 여행이 되었다지요 마침 기간도 맞고해서 서울 코엑스 옆에 있는 인터컨티넨탈 호텔 파르나스에서 열리는 아시아 호텔 아트페어에 가보기로 하였답니다  미대생이 되기 위해 막바지 그림만 죽어라 그리는 고3 쇼콜라 공주와 요리를 하겠다더니 최근 들어서는 자기도 예고를 가서 미술을 하겠다고 선언한 바닐라 공주인지라 아트페어 행사가 아이들에게 큰 도움이 될 거 같아서 참석하게 되었습니다 ​​


 




 

 


서울 인터컨티넨탈 호텔 파르나스는 예전에 네이버 15주년 행사 때 왔던 기억이 있어서 그리 낯설지 않았습니다 지난 8월 8일부터 아트페어가 열렸었는데요 주말이라 선지 엘리베이터 입구부터 사람들이 꽤 많았습니다 1층 현장에서 바로 매표나 초대장 확인을 하고 올라가면 되더군요 전시는 호텔 객실 7층에서 10층까지 총 97개의 객실에서 전시가 열리게 됩니다 ​​


 




 

 


지방에서 열리는 아트페어는 가끔 챙겨서 가봤지만 호텔에서 열리는 아트페어는 처음인지라 과연 어떻게 열릴지 궁금하기도 하고 기대가 좀 되었습니다 하루도 빠짐없이 그림 그리기를 좋아하는 두 녀석들도 이 전시가 어떤 식으로 진행되는지는 모른 채 그저 엄마를 따라 쫄레쫄레 7층으로 향했습니다 ​​


 




 

 


말 그대로 객실에서 열리는 전시라 각 객실마다 다양한 작품을 만날 수 있었습니다 일반적인 아트페어와는 전혀 다른 성격이라 너무나 이색적이고 색달라서 너무 좋더라고요 ​​


 




 

 


객실의 침대와 가구 비품들도 그대로 둔 채 작품들만 곳곳에 전시된 형태라 아주 독특하면서도 마치 처음부터 그곳에 있었던 것처럼 자연스러움을 느끼게 하는 작품들도 많았습니다 각 갤러리마다 배정된 객실에서 작품들을 적절하게 비치해두다 보니 일률적이지 않고 개성 있으면서도 작품이 돋보이게 하는 센스 있는 구성도 보였습니다 ​​


 





 

 


 





 

 


 


무엇보다도 판매를 목적으로 하는 것이기 때문에 작품들마다 가격이 붙어져 있기도 했고 일반적인 아트페어의 흰 벽에 걸린 것보다는 실제 호텔 객실 벽에 걸려 있으니 작품을 내 집에 걸었을 때 어떤 느낌일지 상상이 더 쉽기 되기도 하며 잘 어울릴지에 대한 고민도 덜어주겠다 싶더군요 ​​


 




 

 


객실의 화장실에도 작품들이 설치되어 있답니다 공간을 적절하게 활용한 것도 보이고 객실이 거의 비슷하지만 객실 타입에 따라서 또 다른 느낌의 작품 전시를 만날 수 있어서 좋았습니다 ​​


 




 

 


창밖으로 보랏빛 맥문동 꽃이 활짝 핀 모습과 객실 내부의 꽃이 가득한 작품이 묘하게 잘 어울렸어요 객실마다 찾아다니면서 작품들을 감상하는데 아이들도 무척 흥미로워하더군요 사람은 또 어찌나 많은지 생각보다 너무 많아서 좀 놀라기도 했답니다 ​​


 





 

 


 


레진을 이용한 이 작품은 마치 살아있는 물고기가 헤엄치는 듯한 모습입니다 ​​


 




 

 


​


 





 

 


 


한국화 서양화 조소 공예 등 정말 다양한 작품들을 만날 수 있습니다 알고 있는 작가의 작품들도 참 많았지만 처음 알게 된 작가들도 많았답니다 이렇게 한곳에서 다양한 작품을 만날 수 있다는 자체가 미술품을 예술을 사랑하는 이들에게는 특별한 시간이지 않을까 싶더군요 ​​


 




 

 




 

 


미술작품만 있을 것이라 생각했는데 공예작품들도 있었습니다 세상에 하나밖에 없는 작품을 장신구로 착용할 수 있다는 것도 특별함을 부여하는 일이겠지요 모두 판매를 하는 것들이라 디자인을 보고 구매로 이어지는 경우가 많았습니다 ​​


 




 

 


여기는 도자기 작품들이 전시되어 있는 방이에요 호텔 방이라는 공간과 무척이나 잘 어울리는 느낌입니다 ​​


 




 

 


세밀하게 그려진 그림은 이미경 작가의 동전 하나로도 행복했던 구멍가게의 날들이 절로 떠올려졌습니다 봄밤의 아름다움이 오롯이 느껴지는 작품 앞에서 괜히 마음이 따스해졌어요 ​​


 





 

 


 




 

 


이렇듯 함께 작품들을 감상하더라도 느끼는 바는 다르고 자신의 취향이 각기 다르다 보니 좋아하는 작품도 다르더라고요 작품들을 보면서 각자 소감을 말하기도 하고 마음에 드는 작품들은 사진으로 찍기도 하는 등 열심히 감상을 했습니다 아이들 데리고 전시 관람을 하는 경우 처음엔 좀 관심을 가지다가 금세 흥미가 식어버리곤 하는데 이날은 신기하게도 아이들이 더 적극적으로 방방마다 찾아다니면서 열심히 작품을 감상하더군요 ​​


 




 

 


그림은 물론 사진 작품도 있었습니다 마침 책으로도 나왔다면서 책도 판매하고 있었어요 비엔나를 여행하면서 담은 순간들이 전시되어 있었지요 비엔나에서 담은 풍경과 함께 풀어놓을 이야기들이 살짝 궁금하기도 했습니다만 둘러볼 전시가 너무 많아서 일단 패스​​


 




 

 


이 방에는 들어서는 순간 향기에 반했습니다 입구부터 허브들이 놓인 데다가 객실 곳곳에 싱그러운 허브들과 천연 디퓨저들의 향이 은은하게 퍼지고 있었습니다 전시를 보러 가서 이런 광경을 만날 것이라고는 예상치 못했답니다 ​​


 




 

 


향이 어찌나 매혹적인지 결국 제가 쓸 것과 선물용 2개를 구입했답니다 양에 비하면 다소 비싼 가격이지만 여기 아니면 이 향을 구입할 수 없기에 후회할 바에는 지르자 싶어 과감히 질렀습니다 디퓨저 용기들은 모두 도예 작가의 작품들로 아로마용품과 콜라보를 한 작품들이랍니다 ​​


 




 

 


이곳에 오기 전에는 1시간  1시간 반 정도면 다 둘러보겠지라고 생각했는데 97개의 객실에 전시된 작품들이 너무 많고 인상적이라 생각보다 관람하는데 꽤 시간이 걸렸습니다 그렇다 보니 아이들은 나중에 체력이 고갈되어 너무 힘들다고 하더군요 ㅎㅎ VIP라운지가 층마다 있던데 거기서 쉬어가면서 관람을 하면 그리 힘들지 않을 텐데 VIP가 아닌지라 입구에서 구경만 하는 신세였다지요 그리고 도록이 너무 갖고 싶었는데 입구에서 도록을 나눠주길래 물어봤더니 VIP만 준다고 ㅡㅡ 그러니까 저는 돈 주고 사야 한다는 거예요 돌아다니다 보니 어째 우리 말고는 다 VIP 같다는 생각이 ㅠㅠ​​


 




 

 


전시를 보다 보면 기발한 작품들 신기한 작품들 멋짐이 느껴지는 작품들 다양한 느낌의 작품을 만나게 됩니다 침대 위가 마치 바다가 된 듯 수영을 즐기는 도자기 인형들의 모습이 너무 재밌었어요 ​​


 




 

 


욕실로 갔더니 욕조 안에도 작품이 있는데 더 실감 나게 느껴지는 거 있죠 ㅎㅎ ​​


 




 

 


또 다른 곳에는 이렇게 물고기가 그려진 접시를 물속에 담아두어 느낌을 살렸더라고요 ​​


 





 

 


 





 

 


 


제가 미술 전시를 좋아하는 이유는 잘 몰라도 다양한 작가들의 상상력 넘치는 작품들을 보면서 영감을 얻는다는 거지요 뭔가 새롭고 신선한 충격이 흥미롭게 만들고 상상력을 자극하게 됩니다 아이들에게도 이런 전시를 보게 한 이유도 많은 것을 보고 느끼고 배울 수 있는 기회를 마련해주고 싶어서였답니다 ​​


 




 

 


입구에 있는 동상을 보면서 김정은 닮았네  했더니 객실 내부에는 문재인 대통령이 있고 또 다른 곳에는 트럼프 대통령도 있더라고요 얼핏 보았던 입구의 그 동상은 김정은이 맞았습니다 ​​


 




 

 


이렇듯 작품들 속에서 세계의 유명 인사들도 만나게 되는군요 ​​


 




 

 


조금씩 지쳐가는 속에서 여행 온 기념으로 기념촬영 하자며 잠시 멈추어 서서 사진으로 남겨 보았습니다 아이들도 무척 좋아했던 전시라 대만족이었네요 ​​


 




 

 




 

 


아이들 좋아하는 피규어와 귀여운 캐릭터들 제가 좋아하는 그로밋이 빨간 점박이가 되어 서 있는 것도 만났습니다 작품들을 감상하면서 든 생각은 너무 그림이 그리고 싶은 거예요 다양한 재료를 이용해 각기 자신만의 색깔로 담아낸 작품들을 감상하다 보니 제 안의 꿈틀거리는 무언가가 미친 듯 그림을 그리고 싶게 만들더라고요 잘 그리고 못 그리고를 떠나서 뭔가를 표현한다는 것 그것만으로도 흥분되고 재미난 일이지 않나 싶어요 작가들의 에너지를 한껏 받아서 그런 거 같기도 하고요 아시아 호텔 아트페어는 제게도 아이들에게도 신선한 자극이 된 멋진 경험이자 전시였답니다 다음 기회가 되면 또 이런 전시를 만나고 싶네요 ​​


 







그랜드 인터컨티넨탈 서울 파르나스
서울특별시 강남구 테헤란로 521

 


 


​


 ",,"['여름', '여름방학', '방학', '아쉬움', '주말', '이용', '여자', '셋', '서울', '여행', '이번', '추억', '생각', '8', '8월', '월', '10', '10일', '일', '기차', '서울여행', '녀석', '그때', '행사', '참석', '동행', '만', '기간', '코', '코엑스', '엑스', '옆', '인터', '티', '티넨', '넨', '호텔', '파', '파르나스', '르', '나스', '아시아', '아트', '아트페어', '페어', '미', '미대생', '대생', '막바지', '그림', '고', '고3', '3', '쇼', '쇼콜라', '콜라', '공주', '요리', '최근', '자기도', '예고', '미술', '선언', '바닐라', '라', '아이', '도움', '거', '예전', '네이버', '15', '15주년', '주년', '때', '기억', '8일', '선지', '엘리베이터', '입구', '사람', '1', '1층', '층', '현장', '매표', '초대장', '확인', '전시', '객실', '7', '7층', '10층', '97', '97개', '개', '지방', '처음', '기대', '하루', '그리기', '녀석', '식', '진행', '채', '엄마', '레', '말', '전시라', '다양', '작품', '수', '일반적', '성격', '이색적', '고요', '침대', '가구', '비품', '만', '곳곳', '형태', '독특', '그곳', '자연', '각', '갤러리', '배정', '비치', '일률적', '개성', '센스', '구성', '무엇', '판매', '목적', '때문', '가격', '벽', '실제', '내', '집', '느낌', '상상', '지에', '대', '고민', '화장실', '설치', '공간', '활용', '타입', '창', '창밖', '밖', '보랏빛', '맥문동', '꽃', '모습', '내부', '감상', '흥미', '워', '레진', '물고기', '한국화', '서양화', '조소', '공예', '등', '작가', '한곳', '자체', '미술품', '예술', '사랑', '이', '특별', '시간', '미술작품', '공예작품', '세상', '하나', '장신구', '착용', '부여', '일', '모두', '디자인', '구매', '경우', '여기', '도자기', '방', '경', '동전', '행복', '구멍가게', '날', '봄밤', '아름다움', '앞', '마음', '바', '자신', '취향', '각자', '소감', '말하기', '사진', '관람', '관심', '이날', '적극적', '방방', '책', '비', '순간', '비엔나', '풍경', '이야기', '패스', '향기', '허브', '데', '천연', '디퓨저', '향', '광경', '예상', '향이', '매혹적', '결국', '제가', '선물', '2', '2개', '구입', '양', '후회', '용기', '도예', '로', '아로마', '아로마용품', '용품', '이곳', '전', '1시간', '시간', '반', '정도', '인상적', '나중', '체력', '고갈', '라운', '라운지가', '지가', '거기', '터', '구경', '신세', '도록', '저', '돈', '주고', '우리', '기한', '멋', '멋짐', '짐', '위', '바다', '듯', '수영', '인형', '욕실', '욕조', '안', '실감', '곳', '접시', '물속', '이유', '상상력', '영감', '거지', '충격', '자극', '기회', '마련', '동상', '김', '문', '문재인', '재인', '대통령', '트럼프', '김정은', '정은', '속', '세계', '유명', '인사', '조금', '온', '기념', '기념촬영', '촬영', '하자', '서서', '대만족', '피규어', '캐릭터', '그로밋', '점박이', '재료', '색깔', '제', '무언가', '표현', '그것', '흥분', '에너지', '게', '경험', '경험이자', '이자', '다음', '그랜드', '서울특별', '서울특별시', '시', '강남', '강남구', '구', '테헤란', '521']",,
4,서울여행 배롱나무가 아름다운 덕수궁 현충원 찍고 동작대교노을,https://blog.naver.com/PostView.nhn?blogId=junsnet&logNo=221606785291&from=search&redirect=Log&widgetTypeCall=true&directAccess=false,"



서울여행 배롱나무가 아름다운 곳을 찾아서 여행을 하시려고 해도 현충원배롱나무 덕수궁배롱나무  충청도 위족에서는 배롱나무를 보기가 그렇게 쉽지가 않아요 그래서 서울에서 배롱나무가 아름다운 곳을 알려 드리려고 하는데 하루에 두 곳을 전부 보셔도 좋고 한곳을 보셔도 좋은데 이왕이면 두 곳을 전부 보시고 더불어 동작대교일몰  을 보는 즐거움도 꽃을 보는 즐거움에 비해 전혀 손색이 없는 곳이라 여러분들에게 공유를 합니다​배롱나무는 백일홍 혹은 목 백일홍이라고 불리는 꽃으로 100일 동안 붉은 꽃이 핀다고 해서 백일홍이라고 부르고 있어요 하지만 화초 꽃 백일홍이 있기 때문에 그 꽃과 구별을 하기 위해 목 백일홍이라고 하고 그것을 줄여서 배롱 나무라고 부르기도 하지요 이 꽃은 옛날부터 우리들의 근처에서 특히 돈이 많지 않은 서민들에게는 여러 병에 두루 쓰일 정도로 여러 약효를 가지고 있는 꽃으로 피와 연관된 여러 가지 병상이나 상처에는 특효가 있었던 꽃이에요 이 나무가 처음 들어온 것은 중국 장안 자미성에서 들어와 자미화라고 불렀던 꽃으로 처음 들어올 때 붉은 백일홍이 들어왔고 처음 들어올 때 붉은색이 들어왔고 따듯한 지방에 피던 나무를 가지고 들어와 우리나라 충청도 이북 지방에서는 잘 자라지 않는 꽃이었는데 지금 충청도 위쪽에 있는 배롱나무는 또 다른 종류의 꽃이라고 합니다 ​이 꽃은 우리나라 사대부들의 집 안에는 심지 않던 꽃이라고 해요 그 이유가 정말 웃기는데 나무의 껍질이 벗겨져 반들반들한 나무의 속살이 보인다고 그것을 여자에 비유해 집안에는 심지 않았다고 해요 저는 그 소리를 듣고 우리나라 사대부 정말 엉큼하고 점잖은 척한다는 생각이 들었어요 이 배롱나무는 남쪽으로 가면 담양 소쇄원 명옥헌 식영정과 전남 강진 연꽃으로 유명한 백련사 고창 선운사 충청도 신원사 영동 반야사 등의 사찰에 가면 볼 수 있는 꽃이고 함양 농월정에 가도 아주 소담스러운 꽃이 피어있는데 그렇게 따진다면 스님들은 점잖지 못해 사찰안에 껍질이 벗겨지는 꽃을 심었고 함양과 담양에 있던 사대부는 어째서 이 꽃을 심었는지 궁금하다는 생각이 들면서 사대부가 이랬으니 나라가​


 





 

 


 


여러분들이 서울에서 배롱나무를 보시려고 하시면 처음 보셔야 하는 곳이 덕수궁에 있는 목 백일홍이에요 이곳에 있는 배롱꽃은 처음에는 없던 꽃이지요 생각해 보면 사대부들이 자신들의 집안에도 이 꽃을 점잖지 못하다고 하면서 심지 않은 꽃을 만약 궁안에 심었다고 하면 유생들이 대모를 방성 대곡을 했을 것이라는 생각이 드네요 그리고 이곳 덕수궁은 지금 밤 9시까지 야간 개장을 하기 때문에 저녁에 가셔도 좋은 곳이에요 하지만 입장을 마감하는 시간이 밤 8시까지로 한정이 되어 있기 때문에 그전에 가셔서 표를 매입하시고 입장을 하셔야 합니다


 





 

 


 


이곳 덕수궁에 심어져 있는 꽃은 일견 보기에는 무척 소담스럽게 핀 것 같이 보이지만 이 꽃들은 한 그루가 이런 모습으로 핀 것이 아니고 여러 나무를 심어 정원사가 이렇게 단장을 해 놓았기 때문에 무척 멋진 모습을 하고 있던 꽃이에요 하지만 저는 이곳 덕수궁에서 이 꽃을 보고 옛날에는 이곳에 이 꽃이 없었으니 궁안에 그렇게 많은 여성들이 있었어도 어떤 임금도 어떤 왕비도 그들을 그저 노리개로 보았다는 것을 알 수 있었어요​그 이유는 이 배롱나무꽃은 여성들이 생리통에 그렇게 효과가 있고 여성들의 질병에 효과가 있는 것은 물론이고 이 꽃은 무사들이 상처를 입었을 때 이 꽃을 으깨어 그 꽃을 환부에 바르면 상처가 치료되는 특효가 있었다고 하는데 당시 궁궐 안에 있는 여성들이 그토록 많았으니 한 달에 한 번씩 고통을 겪는 사람들도 많았을 것 같아 그런 생각이 들었어요


 




 

 





 

 


 


덕수궁 석조전 앞에 피어있는 배롱나무는 언제 심었는지는 알 수 없어요 그리고 제가 살펴본 바로는 일제 강점기에 심은 것도 아니라는 생각이 들었어요 이 꽃 나무는 나이가 먹으면 껍질이 벗겨지면서 이곳저곳으로 나뭇가지가 비틀어지고 휘어지는 모습을 보이는데 아직은 그런 모습을 보이지 않는 것으로 미루어 오래되지 않은 꽃이에요​충청도 지방에서는 이 나무의 껍질이 벗겨진 곳을 손톱으로 긁으면 나무가 간지럼을 탄다고 간지럼 나모라고 부르기도 했다고 하는 꽃이에요 가장 높게 자란 배롱나무는 명옥헌 원림에서 보았고 가장 틀어진 나무는 신원사에 있는 백일홍과 반야사에 500년 되었다는 배롱나무가 가장 멋있게 틀어지고 휘어진 것 같았어요 


 




 

 





 

 


 


덕수궁 석조전을 보면 참 마음이 편치 않아요 대한문을 들어가면서 그 앞에 수많은 집회 시설들이 있는 모습도 마음이 편치 않지만 안으로 들어가면 그곳에는 우리나라 궁이지만 설계를 하고 시공을 한 사람 모두가 외국 사람이다 보니 건물 자체가 우리나라 식이 아닌 영국식으로 지어졌지요​1800년대 말 1900년대 초 온통 세상은 약육강식의 세상에 휘말려 모두가 무기를 개발하고 주변의 약소국을 침략을 하려고 할 때 우리나라 사대부는 중국을 믿고 러시아를 믿었던 정보의 부재로 인한 한심한 처지에 속해 있었던 것이에요​당시 최고 강대국이었던 영국 사람이 설계를 하고 시공을 했으니 우리나라 궁궐에 영국이 점을 찍은 것이고 그것을 없앨 수 없으니 일본은 조선 총독부를 경복궁 안에 짓고 덕수궁 대한문 바로 앞에 서울시청을 지었던 것이에요 일종의 국력 자랑을 건물을 새우는 것으로 대신한 것이지요 지금 일본은 당시가 그리워 다시 군국주의가 준동을 하고 있는 것이고요


 





 

 


 




 

 


이곳 덕수궁에는 석조전이라고 하는 곳이 있는데 이곳을 지을 때는 우리나라가 많은 나라로부터 먹잇감으로 보이던 시절이었어요 처음 이곳이 궁으로 사용되지 않을 때는 조카를 죽이고 왕위를 찬탈한 세조의 큰아들인 도원군의 큰아들 월산대군의 저택이었지만 임진왜란으로 임금이 피난을 갔다 돌아왔을 때 모든 궁은 백성들이 불을 질러 갈 곳이 없자 하는 수없이 선조는 이곳에서 나랏일을 보았기 때문에 일정 기간 행궁의 역할을 하고 있다가 1611년 광해군이 이곳을 경운궁이라고 부르면서 비로소 궁으로 승격을 한 것이지요 그래서 저는 이런 생각을 했어요 세조의 못된 행동이 이렇게 자신의 아들이 살던 집에서 자신의 후세들을 쥐락펴락하는 모습을 보고 있다고 말입니다


 





 

 


 


이곳에 있는 중화당은 궁전의 내전으로 사용을 하던 곳이에요 그렇기 때문에 처음에는 즉조당이라는 이름을 가지고 있었는데 고종이 러시아 공사로 아관파천을 하면서 러시아에서 우리나라를 속국으로 만들기 위해 고종을 찜을 하면서 나라의 국호를 대한 제국이라고 선포를 하고 황제가 되었기 때문에 고종이 입었던 옷이 소련의 복식과 같은 것이고 나라에는 아무 실권이 없는 고종은 그 후 러일 전쟁으로 러시아가 해전에서 일본에 참패를 하자 일본에 항복을 하면서 전쟁 한번 하지 않고 나라를 내어준 것이고 자신의 안위를 위해 모든 백성의 수탈권을 일본인들에게 양도를 한 것이지요 원래 이름을 바꾸어 내전으로 사용을 하던 내전은 불이 나 없어진 후 그 자리에 새로 지은 건물이 지금까지 전해지고 있는 중화전이에요 그래서 이곳을 가면 참 애증이 교차하는 곳이에요


 





 

 

 


 


이렇게 덕수궁을 보고 나오시면 다음으로 그곳에서 지하철을 타시고 국립묘지 현충원으로 가셔서 백일홍 즉 배롱나무를 보러 가셔야 하는데 이곳에 있는 나무는 심은 지 얼마 되지 않았고 종류가 위로 뻗어 올라가는 종류라 그런지 옆으로 퍼지는 모습보다는 키가 무척 웃자라 있는 꽃을 보실 수 있고 이곳에는 하얀색 꽃도 피어있는 곳이에요​그리고 이곳에 있는 나무는 추운 지방에서 잘 자라는 나무이기 때문에 중국에서 들어온 종류와는 다른 나무로 약효도 이곳에 있는 나무가 더 좋다고 해요 아까 처음에 이 나무의 약효를 잠깐 설명을 드렸지만 조금 자세하게 설명을 드리면 여성들이 출산 후 지혈이 되지 않아 하혈이 계속될 때 효험이 있다고 하고 생리 불순으로 고생을 하는 사람에게도 이 꽃을 달여서 먹던가 평소 꽃을 말려서 보관을 하고 있다가 그것을 바짝 말려서 간 것을 가지고 있다 물에 타서 먹어도 효과가 있을 정도라고 하고 지혈과 염증에 특효가 있어 옛날 무사들이 전쟁으로 다치거나 무예 연습을 하면서 다치거나 칼에 배이면 말려놓았던 가루를 상처에 바르고 꽃을 따다가 즙을 내어 환부에 바르면 잘 나았다고 해요


 




 

 


그럼 현충원 국립묘지는 워낙 넓어서 어디에 이 꽃이 피어 있는지 궁금하신 분들이 계실 것 같아 그 위치를 아주 자세히 알려 드리면 여러분들이 자동차를 가지고 혹은 전철에서 내려 국립묘지 안쪽으로 들어가시면 봄철 벚꽃이 아름답게 피는 정자가 있는데 그 맞은편에는 개천이 흐르는 곳이 있고 봄이면 그곳에는 개나리가 많이 피는 곳이에요 그곳에서 동문으로 나가는 곳이 있는데 그 동문으로 나가시다 보면 그곳에 하얀 꽃과 붉은 꽃이 피어있는 모습을 보실 수 있어요 올해는 작년보다 더 나무가 자라서 작년보다 더 아름다운 모습을 보실 수 있으실 겁니다 그곳은 약간 언덕으로 이루어져 있는 데 위쪽으로 올라가면서 도로변에 많이 피어 있어요


 





 

 


 




 

 


현충원에 핀 나무는 다른 곳에서 보는 나무들처럼 수피가 벗겨지고 이리저리 꼭 불어 지고 틀어지지 않아 멋은 덜한 곳이에요 하지만 다른 곳에 없는 하얀 꽃이 있기 때문에 꼭 가서 보아야 하는 곳이지요 아까도 말씀을 드렸듯이 각종 염증에 좋고 종양에 좋은데 약효는 힌 꽃이 더 좋다고 해요 이렇게 아름다운 꽃이 지금부터 100일간 가을의 문턱까지 수많은 꽃이 피고 지고하는 것이지요 그리고 설사와 장염에도 좋다고 하는 꽃이라 어떤 때는 집에다 조금 가져다 말려 놓았으면 하는 생각이 들기도 하고 이곳에 심어져 있는 나무는 덕수궁에 있는 나무 보다 더 어린 나무인 것 같았어요


 





 

 


 





 

 


 


이곳에 묻힌 사람들이 모두 김원봉에게 사살을 당했다고 해도 과언이 아니지요 저는 이곳에 가면 항상 젊은 나이에 죽어간 사람들이 눈에 밟히는 것 같아 가슴이 아려오는 것이에요 그런 일이  다시 생기면 절대 안 되고 이곳에 누운 사람들에게 감사한 마음을 표하는 것이 우리가 할 일 아닌가 그리고 그곳을 아이들에게 알려 주고 가리켜 줘야 하는 것 아닌가 하는 생각이 드는 곳이 바로 현충원이에요


 





 

 

 


 




 

 


이곳 서울 국립현충원은 이곳에 국가원수 묘역 애국지사 묘역 국가유공자 묘역 군인 군무원 묘역 경찰과 묘역은 당연한 것이 있고 일반인들도 나라를 지키다 순국을 하면 이곳에 묻힐 수 있다고 하고 외국인도 우리나라를 위해 순절을 하면 이곳에 묻힐 수가 있다고 하는데 어떤 미친 사람이 이곳에 묻혀 있는 사람을 꺼내어 부관참시를 해야 한다는 사람이 있었던 적도 있던 곳이 바로 서울 국립현충원이에요


 





 

 

 


 





 

 


 




 

 




 

 


그리고 다음으로 보아야 하는 곳이 아래 사진에서 보이는 동작대교의 일몰 모습이에요 이곳은 한강교가 잘 보이고 남산이 보이는 곳으로 노을이 아름답기로 소문이 나기도 한 곳이에요 위에서 바라보면 바로 밑으로는 한강 둔치 자전거 도로에서 자전거를 타는 사람들이 잘 보이기도 하는 곳이에요 


 





 

 


 


여러분들이 이곳에서 일몰 사진을 찍으려고 하시는 분들은 자동차를 가지고 동작대교를 건너 가셔서 다시 유턴을 해서 돌아오시면서 한강 노을 카페가 있는 옆에 있는 주차장에 주차를 하시고 노을을 보시면 아주 편리하게 노을을 보실 수 있어요


 





 

 

 


 




 

 


이 동작대교에 있는 노을 카페는 작년 겨울까지도 문이 닫혀 있던 곳을 E마트에서 운영을 시작해 영업을 하고 있는 곳으로 만약 여러분들이 강북에서 이곳을 가시려고 하시는 분들은 버스를 타시면 바로 이곳에서 내리실 수 있는 곳으로 서울대에서 종로 2가까지 다니는 501번이 있고 월암 공영차고지에서 한국은행 신세계로 다니는 502번 버스와 서울역에서 광명 공영차고지로 다니는 503번을 타시면 바로 노을카페 앞에서 내리실 수 있어요 그리고 이곳을 운영하는 곳이 E마트이기 때문에 이곳에서 거래되는 물품도 E마트 가격과 같은 금액이라 저렴한 편이지요 그리고 강남에서 강북으로 가는 쪽에도 카페가 하나 있는데 그 카페의 이름은 구름카페라고 해요 노을 카페 안쪽은 별마로 한강 라운지라고 하는 곳으로 이곳에는 여러분들이 커피를 마시면서 읽을 수 있는 책이 있는데 책보다는 여유로운 커피를 한잔하면서 붉게 지는 노을을 감상하기도 너무 좋은 곳이에요


 





 

 


 


​


 ",,"['서울', '서울여행', '여행', '배롱', '배롱나무', '나무', '곳', '현', '현충원배롱나무', '충원', '덕수궁', '덕수궁배롱나무', '충청도', '위', '위족', '족', '하루', '한곳', '동작대', '동작대교일몰', '교', '일몰', '을', '즐거움', '꽃', '손색', '여러분', '공유', '백일홍', '목', '100', '100일', '일', '동안', '화초', '때문', '구별', '그것', '옛날', '우리', '근처', '돈', '서민', '병', '정도', '약효', '피', '연관', '가지', '병상', '상처', '특효', '처음', '중국', '장안', '자미성', '자미화', '때', '붉은색', '지방', '우리', '우리나라', '나라', '이북', '지금', '위쪽', '종류', '사대부', '집', '안', '해', '이유', '껍질', '속살', '여자', '비유', '집안', '저', '소리', '생각', '남쪽', '담', '소쇄원', '명', '명옥', '옥', '식영정', '남', '강진', '연꽃', '유명', '백련사', '고창', '선운사', '신원사', '영동', '반야', '반야사', '사', '등', '사찰', '수', '함양', '농월', '농월정', '정', '스님', '사찰안', '담양', '양', '사대부가', '이랬으', '배롱꽃', '자신', '만약', '궁', '궁안', '하면', '유생', '대모', '방성', '대곡', '밤', '9', '9시', '시', '야간', '개장', '저녁', '입장', '마감', '시간', '8', '8시', '한정', '그전', '표', '매입', '일견', '그루', '모습', '정원사', '단장', '이곳', '여성', '임금', '왕비', '그', '노리개', '배롱나무꽃', '생리통', '효과', '질병', '물론', '무사', '으', '으깨', '깨', '환부', '치료', '당시', '궁궐', '달', '번', '고통', '사람', '석조전', '앞', '바', '일제', '강점기', '나이', '이곳저곳', '나뭇가지', '손톱', '간지럼', '나모', '부르기', '원림', '500', '500년', '년', '마음', '대한문', '집회', '시설', '그곳', '설계', '시공', '모두', '외국', '건물', '자체', '식이', '영국식', '1800', '1800년대', '년대', '말', '1900', '1900년대', '초', '세상', '약육강식', '무기', '개발', '주변', '약소국', '침략', '러시아', '정보', '부재', '처지', '최고', '강대국', '영국', '점', '일본', '조선', '총독부', '경복궁', '서울시청', '시청', '일종', '국력', '자랑', '대신', '군국', '군국주의', '주의', '준동', '고요', '먹잇감', '시절', '사용', '조카', '왕위', '찬탈', '조의', '큰아들', '도원', '도원군', '군', '월산', '월산대군', '대군', '저택', '임진왜란', '피난', '모든', '백성', '불', '선조', '나랏일', '일정', '기간', '행궁', '역할', '1611', '1611년', '광해군', '경운궁', '승격', '조', '행동', '아들', '후세', '중화', '궁전', '내전', '즉조당', '이름', '고종', '공사', '아관', '아관파천', '파천', '속국', '찜', '국호', '제국', '선포', '황제', '옷', '소련', '복식', '실권', '후', '러', '러일', '일', '전쟁', '해전', '전', '참패', '항복', '내', '안위', '수탈', '일본인', '양도', '원래', '불이', '나', '자리', '중화전', '애증', '교차', '다음', '지하철', '국립묘지', '현충원', '지', '얼마', '옆', '키', '라', '하얀색', '추운', '설명', '조금', '자세', '출산', '지혈', '하혈', '계속', '효험', '생리', '불순', '고생', '평소', '보관', '물', '염증', '무예', '연습', '칼', '가루', '즙', '현충', '어디', '분', '위치', '자동차', '전철', '안쪽', '봄철', '벚꽃', '정자', '맞은편', '개천', '봄', '개나리', '동문', '올해', '작년', '약간', '언덕', '데', '도로변', '수피', '멋', '아까', '말씀', '각종', '종양', '가을', '문턱', '설사', '장염', '김원봉', '사살', '과언', '간', '눈', '가슴', '절대', '감사', '아이', '국립', '국립현충원', '국가', '국가원수', '원수', '묘역', '애국', '애국지사', '지사', '국가유공자', '유공자', '군인', '군무원', '경찰', '일반인', '순국', '외국인', '순절', '부관', '부관참시', '참시', '적도', '아래', '사진', '동작', '동작대교', '대교', '한강', '한강교', '남산', '노을', '소문', '기도', '밑', '둔치', '자전거', '도로', '유턴', '카페', '주차장', '주차', '편리', '겨울', '문', '마트', '운영', '영업', '강북', '버스', '서울대', '종로', '2', '2가', '501', '501번', '번', '월', '월암', '암', '공영', '공영차고지', '차', '고지', '한국', '한국은행', '은행', '신세계', '502', '502번', '서울역', '광명', '503', '503번', '노을카페', '거래', '물품', '가격', '금액', '편', '강남', '쪽', '하나', '구름', '구름카페', '별', '별마', '마', '라운지', '커피', '책', '여유', '한잔', '감상']",,
5,2017 추석연휴 4인가족 서울여행,https://blog.naver.com/PostView.nhn?blogId=alsody&logNo=221621647501&from=search&redirect=Log&widgetTypeCall=true&directAccess=false,"



안녕하세요김엄마입니다​이번 추석 어디로 가볼까 고민하다가 문득 두번째 서울여행 일정을 기록하지 않은걸 발견 이런이런 포스팅은 다해놓고  전체 일정포스팅을 빼먹어버렸네요이번 추석에도 많은 분들께 정보 제공을 위해  전남매 두번째 서울여행기 포스팅합니다 ​​일단 2016년 첫 서울나들이 포스팅글 공유합니다


 








4인가족 추석 서울여행 일정 및 경비
2016년 추석연휴에 서울여행을 다녀왔습니다 서울 주차비에 놀라 호텔에 주차해둔체 버스지하철뚜벅이 여
blognavercom






 


​​​2017년 추석에도 서울여행을 계획했답니다첫번째 여행이 돈안드는 박물관고궁서울 이미지 구경이었다면두번째 방문에는 김엄마가 주머니를 좀 털었어요 ㅋ​​이번에도 숙소는 라마다호텔앤스위트서울남대문 입니다지난번 너무 좋은 기억에  익숙한게 좋은 저라 ㅋㅋ​이번엔 아침일찍 출발해 첫날부터 돌아볼 생각으로지도를 펴놓고 한참 일정을 짰던 기억이 나네요 ​​첫번째날 일정


 








서울가볼만한곳추석가족여행여의도 국회의사당국회도서관
지난번에 여의도쪽 올생각을 못했는데 이번에 인어보러 63아쿠아플라넷 잡은김에 여의도쪽도 둘러보기로
mblognavercom






 








서울가볼만한곳추석가족여행kbs방송국kbs온견학홀
kbs견학홀이 추석연휴 휴관이라 첫날일정에 넣을수밖에 없었다 뭔가 방송으로 보던게 눈앞에 있으니 신기
mblognavercom






 








서울가볼만한곳추석가족여행63빌딩 아쿠아리움 63아쿠아플라넷
계획짤때 아쿠아리움을 한군데 들를거라 했는데 여러군데 있는것 보고 갈등이 된건 사실 전남매에게 물
mblognavercom






 








서울가볼만한곳추석가족여행63빌딩 전망대 63아트 LETS PLAY
엄마는 힘들었지만 사진찍어준다는 사명하나로 눈 질끈 감고 올라감ㅋ 60층도 이리 무서운데 120층 우찌 올
mblognavercom






 








서울가볼만한곳추석가족여행서울로7017
꼭 가보고 싶었던 핫플레이스 숙소에서도 보일정도로 야경이 좋으당 숙소에서 나와 숭례문 보고 서울역쪽
mblognavercom






 


​​​​​두번째날 일정​김엄마가 가보고 싶었던 쌈지길까지아이들이 너무 잘 따라와줘서 고마울뿐 지난번보다 더 많이 보고 더 많이 경험하게 해주고싶어바쁘게 움직인 기억이 납니다 ​


 








서울가볼만한곳추석가족여행대한민국역사박물관
박물관이라고 1시간쯤 돌면 될줄알았는데 생각보다 너무 재밌고 알찬내용들이 많아서 2시간 넘게 머무른곳 
mblognavercom






 








서울가볼만한곳추석가족여행서울시티투어버스
시청근처에 매표소가 있다고 해서 도보로 이동 덕수궁 앞에 꽃이 이쁘다고 찍어달란다ㅋ버스에서 만난 홍인
mblognavercom






 








서울가볼만한곳추석가족여행청와대사랑채청와대앞길
경복궁을 통과할수도 있다는데 우리는 통인시장을 들렀다 온다고 경복궁 돌담길을 돌아왔다 청와대 가까워
mblognavercom






 








서울가볼만한곳추석가족여행통인시장
힘들게 찾아간 통인시장ㅠ 연휴 휴무란다ㅠ 엽전바꿔 도시락사고 먹는걸 전남매와 경험해보고 싶었는데 아
mblognavercom






 








서울가볼만한곳추석가족여행남산N서울타워 3종PKG키티아이슬랜드쎈토이박물관전망대
청와대 앞사랑채앞 버스정류장에서 시티투어버스 타고 좀 오래간듯 전망대만 이용하는 사람들은 40분정
mblognavercom






 








서울가볼만한곳추석가족여행인사동쌈지길
시티투어버스 타고 인사동으로 향함 사람북적대고 좋으다 쌈지길에는 먹을곳이 없어서 앞에 마루라는곳에
mblognavercom






 


​​​​​세번째날 일정​호텔1층 Subway에서 아침 먹어봄부산엔 서브웨이가 잘 없어서 처음 먹어본 샌드위치가 너무 맛있었던 기억입니다​햄버거보다 맛있다는 핸이와 다먹어놓고 다대포 맥도날드가 맛있다는 전똘이♡  전날 늦어 못갔던 놀이똥산 마지막날 아침에 찾았습니다덕분에 인사동을 두번이나 찍고 왔다는 ​​그리고  롯데월드촌놈들 힘들었다 롯데월드 별거없네ㅠ 민속박물관 짱이당  10시 폐장때까지 하나라도 더타고 보고 놀다 나왔답니다그리고 부산으로 슝슝 ​


 








서울가볼만한곳추석가족여행인사동 쌈지길 놀이똥산
어제 저녁 왔는데 마감시간 5분지났다고 입장못함ㅠ 전남매가 기대했던곳이라 오전에 한번 더 들르기로 하
mblognavercom






 








서울가볼만한곳추석가족여행롯데월드
명절 전이라 사람이 없을줄 알았는데 어마무시했네 넓기도 넓고 줄도 길고 정신없고 어플깔면 매직패스
mblognavercom






 


​​​2박3일의 일정은 다행히 다른곳에 정리다 잘 되어있어서퍼오기만 하면 되네요 


 




 

 




 

 


​


 ",,"['안녕', '안녕하세', '하세', '김', '김엄마', '엄마', '이번', '추석', '어디', '고민', '번째', '서울', '서울여행', '여행', '일정', '기록', '발견', '포스팅', '전체', '일정포스팅', '분', '정보', '제공', '남매', '서울여행기', '여행기', '포스팅합니', '2016', '2016년', '년', '서울나들이', '나들이', '포스', '포스팅글', '팅', '글', '공유', '4', '4인가족', '인', '가족', '경비', '추석연휴', '연휴', '주차', '주차비', '비', '호텔', '체', '버스', '버스지하철', '지하철', '여', '2017', '2017년', '년', '계획', '돈', '돈안', '안', '박물관', '박물관고궁서울', '고궁', '이미지', '구경', '방문', '주머니', 'ㅋ', '숙소', '라', '앤', '앤스위트', '스위트', '서울남대문', '남대문', '지난번', '기억', '아침', '출발', '첫날', '생각', '지도', '한참', '곳', '곳추석가족여행', '여의도', '국', '국회의사당국회', '회의', '사당', '국회', '서관', '여의도쪽', '쪽', '인어', '63', '넷', '방송국', '견학', '견학홀', '홀', '휴관', '첫날일정', '수', '방송', '눈앞', '63빌딩', '빌딩', '아쿠아', '움', '때', '한군데', '거', '군데', '갈등', '사실', '전', '전남매', '물', '전망대', '63아트', '아트', '사진', '사명', '사명하나', '하나', '눈', '감', '감ㅋ', '60', '60층', '층', '120', '120층', '7017', '핫', '핫플레이스', '플레이스', '정도', '야경', '좋으', '좋으당', '당', '숭례문', '보고', '서울역', '서울역쪽', '길', '쌈지', '아이', '뿐', '경험', '납', '대한', '대한민국', '대한민국역사', '민국', '역사', '1', '1시간쯤', '시간쯤', '줄', '내용', '2', '2시간', '시간', '서울시티', '시티', '투어', '투어버스', '시청', '시청근처', '근처', '매표소', '도보', '이동', '덕수궁', '앞', '꽃', '달란다ㅋ버스', '홍인', '청와대', '사랑채', '사랑채청와대앞길', '앞길', '경복궁', '통과', '데', '우리', '통인', '통인시장', '시장', '돌담', '돌담길', '통인시장ㅠ', 'ㅠ', '휴무', '엽전', '도시락', '도시락사고', '사고', '걸', '남산', '서울타워', '타워', '3', '3종', '종', '키', '랜드', '키티아이', '티', '토이', '토이박물관전망대', '앞사랑채앞', '버스정류장', '정류장', '시티투어버스', '타고', '듯', '이용', '사람', '40', '40분정', '분', '정', '인사', '인사동', '동', '쌈지길', '향함', '마루', '호텔1층', '봄', '봄부산', '부산', '서브웨이', '처음', '샌드위치', '햄버거', '핸이', '다대포', '맥도날드', '전똘', '날', '놀이', '놀이똥산', '똥', '산', '마지막', '마지막날', '덕분', '번', '롯데', '롯데월드촌놈', '월드', '촌놈', '롯데월드', '별거', '민속', '민속박물관', '짱', '10', '10시', '시', '폐장', '폐장때', '슝슝', '인사', '인사동', '동', '어제', '저녁', '마감', '마감시간', '시간', '5', '5분', '입장', '입장못', '못', '기대', '오전', '하', '명절', '마', '마무시', '무시', '줄', '플', '매직', '매직패스', '패스', '2박3일', '박', '일', '정리', '오기']",,
6,[김포/호캉스] 뚜벅이 서울 여행 김포 마리나베이 호텔 스카이풀 후기,https://blog.naver.com/PostView.nhn?blogId=qkrtpwls0320&logNo=221631647138&from=search&redirect=Log&widgetTypeCall=true&directAccess=false,"



김포호캉스 뚜벅이 서울 여행 김포 마리나베이 호텔 스카이풀 저녁 야간 수영장  현대프리미엄아울렛​★ 총평  김포공항에서 무료셔틀버스가 있어 뚜벅이 서울 근교 데이트로 좋음  인피니티 풀 수영장은 주말에 사람이 넘침  체크아웃 시간 11시  현대프리미엄아울렛이랑 묶어서 쇼핑 여행 코스로 추천  다만 편의시설 및 음식점이 매우 부족  서울 근교 가성비 좋은 호텔


 







호텔마리나베이서울
경기도 김포시 고촌읍 아라육로152번길 21050

 


 


일을 시작하니 몸이 천근만근 이제 어디 놀러다닐 힘도 없지만 동네는 벗어나고 싶어 택한 마리나베이 서울 호텔 


 




 

 


김포공항 국제선은 매 시각 22분 1층 3번 게이트 우측 2번 정류소에서 국내선은 1층 1번 게이트 좌측 114번 정류소에서 마리나베이행 무료셔틀 버스를 탑승할 수 있다 뚜벅이 여행자인 우리는 혹시나 자리가 없을까봐 국제선에서 먼저 탑승했다 


 





 

 


 


셔틀버스는 정해진 시간에 칼같이 와서 바로 떠나니 여유있게 도착이 필수다 호텔 근처 식당들을 소개한 브로셔를 받았지만 차가 없으니 그림의 떡


 





 

 


 


간만에 여행인지라 방은 돈을 조금 써서 디럭스룸으로 예약했다 침대 공간 말고도 널찍히 쇼파공간이 있어서 음식들 사와서 먹기에 좋았다 온도조절도 잘 돼서 룸 컨디션은 만족스러웠다


 





 

 


 


아쉽게도 아라뱃길 뷰가 아니라 로드 뷰이긴 했지만 ㅎㅎ 방 자체는 괜찮았다 체크아웃이 11시라 너무 아쉬웠을 뿐


 





 

 


 


화장실 공간도 널찍해서 씻기도 편했고 다만 샤워커튼이나 막이 없어서 욕조에서 샤워하면 금방 물바다가 되는 건 어쩔 수 없었다


 





 

 


 


호텔에서 나오면 바로 앞에 요트 선착장이 있어서 요트도 구경했다 근처에서 윈드서핑 카약 등 수상스포츠도 즐길 수 있는 듯 했다 바로 근처에 현대프리미엄아울렛이 있어 15분 정도면 천천히 걸어갈만 하다  사실 호텔로서는 다소 생뚱맞은 위치라는 생각이 들었는데 아울렛이 도보거리라 오히려 지리적 이점을 톡톡히 누리는 듯 호텔이랑 아울렛을 묶어서 쇼핑코스로도 좋아보였다 다만 식도락은 포기해야 된다 ㅋㅋ 정말 먹을게 없음


 





 

 


 


한국에서 이런 프리미엄아울렛을 처음 와봐서 생각보다 많은 인파에 깜짝놀랐다 주말이라 특히 아이들을 데리고 나온 가족들이 참 많았다규모도 생각한 아울렛보다 훨씬 큰 편 물론 우리는 쇼핑을 계획하지 않아서 아디다스에 가서 추리닝이나 운동화 정도만 구경했지만 ㅎㅎ


 





 

 


 


역시 아이들 있는 가족들이 주된 소비층이라는 것을 여실히 느꼈다 ㅋㅋ 지난 주에 롯데월드에서도 못본 퍼레이드를 아울렛서 보게 되다니


 





 

 


 


우리 목적은 스카이풀 야간 수영장이었기 때문에 사실 현대 아울렛은 밥이나 먹을까 하고 들른 곳이라 타워동에 있는 경성함바그에서 간단히 이른 저녁을 먹었다 뭐 찾아갈만한 곳은 아니고 푸드코트보다는 나아보여서 여기서 간단하게 한 끼 옆에 부엉이돈까스와 고민했지만 홍대점과 다르게 파스타를 아예 안 팔았기 때문에 결국 경성함바그로


 





 

 


 


대망의 스카이풀  저녁 타임 입장은 7시부터인데 사진이나 찍을까하고 20분 정도 일찍 가서 기다리지 않았으면 입장도 쉽지 않았을 듯토요일 저녁이라 사람이 정말 많았다 


 





 

 


 


스카이풀 이용권은 성인 1인당 38000원인데 체크인할 때 로비에서 결제할 수도 있고 현장에서 결제할 수도 있다 선베드나 카바나는 별도로 추가 지불해야 이용할 수 있다 선베드 이용을 안 해도 무료락카가 있어서 가운이랑 핸드폰 카메라 등을 넣을 수 있어서 다행이었다


 





 

 


 


​


 




 

 


사실 이 사진 하나를 건지기 위해 여기까지 다들 왔다고 해도 과언이 아니다 그나마 우리가 20분 전에 와서 일찍 입장하느라 이 사진 하나라도 건진 것이고 주말에는 좀만 늦게 입장하면 택도 없다는 사실을 꼭 알리고 싶어 이 글을 쓴다 ㅋㅋ


 





 

 


 


7시 조금 넘어 입장한 터라 노을 지는 광경도 오랜만에 볼 수 있었다 이미 사진은 대충 다 찍고 뜨뜻한 온탕에서 사람들 사진찍는 거 구경이나


 





 

 


 


토요일 저녁에는 불꽃놀이를 볼 수 있다 몇 발 터지고 말줄 알았는데 규모는 크지 않지만 생각보다 오래 하더라 


 





 

 


 


사람들이 얼마나 많은지 한 번 느껴보시라고 올리는 사진 ㅎㅎ 모자이크 귀찮아서 일부러 좀 흔들린 사진으로 인피니티 풀 자체는 굉장히 작은데 사람도 많고 나갈 때 보니 아직 못들어와서 기다리고 있는 사람도 많아서 역시 핫플레이스구나 느꼈다​전반적으로 느끼기엔 뚜벅이들이 오기 좋은 가성비 좋은 호텔은 맞는데 레스토랑이 부족하기도 하고 직원들도 친절한지도 모르겠고 무엇보다도 체크아웃 하고 브런치 먹으려고 별관 비아제 레스토랑을 갔는데 전체 대관이라 식사가 안 된다고 호텔 본관 건물 자체에는 조식 레스토랑 말고 다른 레스토랑도 없고 별관에 있는 1층 레스토랑과 2층 브런치 부페가 전부인데 돌잔치 등으로 대관이 되면 호텔 안에서 여유롭게 식사하면서 호캉스하려던 계획이 쉽게 물거품이 된다  뭐 먹으러 나가려면 차타고 나가거나 현대 아울렛까지 가야하는데 거기도 딱히 먹을게 없어서  위치가 특이해서 그런지 장단점이 확실한 곳인 듯 한 번 와봤으니 김포 마리나베이에 다시 오더라도 스카이풀은 안 갈 것 같고 차라리 현대아울렛에서 좀 더 쇼핑하고 방에서 쉬는 일정이라면 한 번 쯤 더 와보고 싶긴 하다 ㅎㅎ​


 ",,"['김', '김포호캉스', '포', '호', '캉스', '서울', '여행', '김포', '마리나', '마리나베이', '베이', '호텔', '스카이', '저녁', '야간', '수영장', '현대', '현대프리미엄아울렛', '프리미엄', '아울렛', '총평', '김포공항', '공항', '무료', '무료셔틀버스', '셔틀', '버스', '근교', '데이트', '인피', '티', '주말', '사람', '침', '체크', '체크아웃', '아웃', '시간', '11', '11시', '시', '쇼핑', '코스', '추천', '편의', '편의시설', '시설', '음식점', '부족', '성비', '호텔마리나베이서울', '경기', '경기도', '도', '김포', '김포시', '시', '고촌', '고촌읍', '읍', '육로', '육로152번길', '152', '번', '길', '21050', '일', '몸', '천근', '근', '어디', '힘', '동네', '국제선', '매', '시각', '22', '22분', '분', '1', '1층', '층', '3', '3번', '게이트', '우측', '2', '2번', '정류소', '국내선', '1번', '좌측', '114', '114번', '마리나베이행', '행', '무료셔틀', '탑승', '수', '여행자', '우리', '자리', '셔틀버스', '칼', '도착', '수다', '근처', '식당', '소개', '브로셔', '차', '그림', '떡', '간만', '방', '돈', '디', '디럭스룸', '럭스', '룸', '예약', '침대', '공간', '널', '히', '쇼', '쇼파공간', '파', '음식', '사', '온도', '온도조절', '조절', '컨디션', '만족', '뱃길', '뷰', '로드', '자체', '뿐', '화장실', '샤워', '샤워커튼', '커튼', '막이', '욕조', '물바다', '앞', '요트', '선착장', '구경', '윈드', '윈드서핑', '서핑', '카약', '등', '수상', '수상스포츠', '스포츠', '듯', '15', '15분', '정도', '만', '하다', '사실', '위치', '생각', '도보', '도보거리', '거리', '지리적', '이점', '쇼핑코스', '식도락', '포기', '한국', '프리미엄아울렛', '처음', '인파', '아이', '가족', '규모', '편', '계획', '아디다스', '추리닝', '운동화', '소비층', '주', '롯데', '롯데월드', '월드', '본', '퍼레이드', '목적', '때문', '밥', '곳', '타워', '타워동', '동', '경', '경성함바', '성함', '바', '그', '뭐', '푸드', '푸드코트', '코트', '여기', '끼', '옆', '부엉이', '부엉이돈까스', '돈까스', '고민', '홍', '홍대점', '대점', '파스타', '결국', '경성함바그로', '그로', '대망', '타임', '입장', '7', '7시', '사진', '20', '20분', '듯토요일', '토요일', '스카이풀', '풀', '이용권', '성인', '1인당', '인', '당', '38000', '38000원', '원', '체크인', '때', '로비', '결제', '현장', '선', '선베드', '베드', '카바', '별도', '추가', '지불', '이용', '해', '무료락카', '락', '카', '가운', '핸드폰', '카메라', '다행', '하나', '다', '과언', '전', '하나', '택', '글', '터', '터라', '라', '노을', '광경', '오랜만', '온탕', '거', '불꽃', '불꽃놀이', '놀이', '발', '줄', '번', '보시', '모자이크', '핫', '핫플레이스구', '플레이스', '구', '전반적', '좋은', '레스토랑', '직원', '친절', '지도', '무엇', '브런', '별관', '비아', '전체', '대관', '식사', '본관', '건물', '조식', '2층', '부페', '전부', '돌잔치', '안', '여유', '호캉스', '물거품', '가야', '거기', '특이', '장단점', '현대아울렛', '일정', '쯤']",,
